b36s-tuqc	42
ymvu-4x4s	43
yjnr-kh6n	60
hg3k-2w6h	60
y4yc-78a4	72
6pwv-zmgh	95
hve5-8z68	103
hnj4-7uii	106
hm7r-w4y9	110
cgd2-a96k	111
mu33-54em	111
x2ak-gjxj	111
s5mq-f5ie	111
d4uz-6jaw	111
26ze-s5bx	118
tmha-56pf	123
4c8i-cnte	128
au2v-djg4	131
6dn9-qgma	133
k2wr-xdxp	141
jege-pgbz	147
vxrc-r6hh	148
rc2t-8fid	158
qt67-786k	166
dgg9-jkx8	167
yizy-365y	169
q9kp-jvxv	175
pf7i-ims3	177
f64t-5yiv	177
r63n-8hf3	180
eifs-wzhm	184
hphp-39kk	184
mpqk-skis	184
mpw3-7xyh	187
6wve-ubwx	189
nwet-nc6h	189
vr2i-c3qq	191
vgqq-m7ux	192
dn64-92ub	198
at9c-pdf7	206
yv4m-nu6d	210
a9es-3fcm	210
s2zm-f47y	212
qt4e-9a97	212
m9yq-6n44	215
tiyn-ajjm	215
6yag-pnij	216
366m-74zg	220
mrey-ykjt	228
ft9w-x7u5	231
ay6v-3gm3	233
r69u-62nw	234
h7mf-hrsw	234
7m8q-jgtg	235
e266-vpg7	237
2enn-s52j	239
x56h-7iwp	245
w5he-u64t	246
svyi-maaj	248
3vvi-fwjs	253
ws4r-n9v4	255
arhf-esqb	256
gk9u-c3tv	256
5fkx-9rt5	257
bj6m-ydtj	258
483x-fy9e	263
3pzk-fyqp	270
8qnp-qwn4	272
c87b-2j3i	274
985h-mtct	274
nhca-vme6	276
8kiv-2ukd	277
tbhc-a2hs	278
5vqp-meve	278
ivbu-e2q7	278
fuwu-64db	279
4se9-mk53	285
4zdr-zwdi	289
i447-i5u3	291
tngj-drbu	293
8fhd-nzw8	294
pa5t-ktd3	294
7vk6-9w2d	301
kxua-p5dg	304
qnwe-j5my	306
sci4-yqgk	313
ismp-xffj	317
cxcv-mgtn	319
5t4n-d72c	322
wip6-ytad	322
vk9f-gvzq	326
gx64-vjdi	331
mpg8-b8s5	332
4se9-u6dw	336
xqxn-4jph	338
azp6-hepu	339
6m3u-8rbh	343
7299-2etw	347
9gzt-8w5q	350
8zxg-9a5c	352
vpb3-uf7s	354
su6u-afcg	354
twvd-c9s3	355
37fm-7uaa	355
ftyx-fhnc	358
ipc3-2nbm	359
nfz9-tzba	361
x4x8-m3ds	364
tjt7-rf2i	365
peat-vx5z	371
2knz-3yg6	375
gffu-ps8j	379
iyka-7txw	386
3qty-g4aq	386
mzy5-smmw	393
vbgf-ket3	396
aq7p-fpw6	397
fuhv-y2p6	401
7zb8-7bpk	403
3f5y-5web	404
h6ku-kycw	405
uu87-uz8m	405
32yu-maz2	405
tbf6-u8ea	407
fsis-j6x5	411
65js-fhgz	414
2n4x-d97d	415
vypd-m9q8	416
az65-9z36	418
6r8r-c474	419
4kkh-qhtc	420
5zea-fjhf	420
4epu-t832	420
9ev8-8rz6	428
3955-c36a	428
7z8d-msnt	433
rfpq-hs49	434
7ree-jtaa	435
v7hc-c85a	436
3mji-gpg5	436
aqu8-c9ea	438
ng7s-zne2	439
4fsz-s7id	439
ff9v-9yzg	440
5jwd-xj5z	441
3dnj-u3x8	442
4f2g-zrdv	445
5c9e-33xj	447
hdu7-ujt4	448
3av7-txd8	449
mumm-6t9n	452
2zdm-jpub	456
jpkr-jhk8	457
s52s-navf	459
ph29-5mxy	459
ugc2-6t2g	466
8dxm-n5ha	466
idfb-y78n	474
5ps9-yuef	476
uwx4-aafe	484
kkwv-djnk	489
n7ta-pz8k	498
7rf2-3gxf	499
uzf5-g4f3	505
rqgf-94xs	508
xs6e-ka4w	519
auuc-fqzi	519
wd9h-xwk5	521
pz9j-6fgq	523
dqsy-6vth	527
ky6q-fvpr	529
snck-inhz	534
tzwr-vksx	535
ia2d-e54m	541
w49k-mmkh	542
jt9i-9gxr	545
cu8c-kkz7	546
b8z8-mpdb	549
3fes-huds	557
j7wp-ax4x	562
psmp-cmuu	571
9wgm-cdbe	580
bmxf-3rd4	584
vhtt-kpwy	585
94g4-w6xz	586
xywu-7bv9	591
9jf7-zn7b	605
kydh-ijhc	606
89bd-raqa	615
cete-9g3v	618
e635-qjv5	628
395v-hkhg	638
ctpn-f4h4	640
sn5i-xuny	641
w8dz-xpjh	643
w38c-pyzq	652
dfad-fpwf	662
xggi-kgx9	667
av3y-hmjv	667
tu4y-7fre	675
9ht6-44eh	677
9ddq-vbjj	679
4ggh-um8t	683
b2gb-nkrq	691
s3uf-q278	695
j7gw-gcxi	697
2vk5-6yq6	702
78sp-6jhj	704
mse5-qs8i	712
ax85-bzte	717
g993-cbry	721
brxp-zcjz	729
2abb-gr8d	737
8hgr-brxd	740
knr6-vurn	757
xjgv-jugs	766
a5ub-y4r4	778
wi3r-8uzb	781
wffy-3iyg	783
uvw5-9znb	790
sv6e-j8t9	791
87hk-978a	792
gsr2-xq9e	798
bray-s6dc	804
csut-3wpr	808
k659-gwja	812
5c4s-jwtq	812
vavg-cg3g	813
48pb-zy2g	815
wha7-46h5	822
tsy7-gcm8	825
g7pj-iz7m	825
d84z-5kap	825
d334-62hi	828
7yq2-hq9c	829
vvym-pu7g	841
t6n8-68ps	841
cnnp-j87w	847
2ay5-tqqe	855
hdz6-s54z	858
bvzk-auuz	868
cfnc-xfjw	869
u9k7-x2z3	878
3ydk-du45	886
sm48-t3s6	905
ymyu-3dbp	909
yk6f-pa7p	928
vwd9-skbw	930
xig4-mrik	940
wkaa-8g8b	940
a5ru-ygsr	942
gqk4-hny9	949
5rzx-3686	958
h7yn-dap5	979
2anc-iydk	983
tgqn-na2n	997
k2ye-5mmh	999
2r9r-m6j4	1003
6irv-e4ks	1006
gdpi-hegk	1010
yj3u-pw36	1019
5yay-3jd5	1023
xdqu-utzq	1026
ynaw-bmnm	1030
fve3-eee8	1034
kk22-kcb6	1039
yiqb-mq9h	1039
u6p4-fsey	1041
9f5k-vxxv	1048
4e8h-wu86	1051
tesz-9suw	1056
y9b6-624z	1061
g7ir-4pf8	1067
nuxu-5fjs	1067
77d2-9ebr	1071
fcau-jc6k	1071
jmr8-fdbz	1084
i6ju-7fj4	1085
e4ss-s2zn	1100
h922-d8e5	1115
2eq2-trdu	1117
56e3-rp8d	1117
4vfc-wci4	1123
dhgx-p2ue	1129
ph5g-sr3v	1143
7s3q-rztu	1148
nd82-bi9f	1160
fq4m-vjs9	1162
ujnu-3rei	1166
wibz-uqui	1182
vz8c-29aj	1185
ibs4-k445	1191
bwx8-3rf4	1197
qf92-qkjm	1211
r528-jcks	1217
yggg-xf4b	1219
tfbb-gszk	1219
gi3h-3i8t	1219
6ayi-u3p7	1250
6wjr-mhgf	1250
sk7w-byju	1260
tc6u-8rnp	1261
fzk8-3ynb	1264
hi3x-y76v	1275
ujdf-5byz	1296
dfr8-nudu	1298
p2vv-pesb	1332
nstm-kb7u	1335
9sys-2i9y	1344
xe6a-qapf	1349
f2cz-q2ik	1350
ipsj-8mer	1351
qchy-end3	1353
2p64-jbjs	1355
ywiv-5gyw	1367
a8rp-fpnn	1370
vspn-8tzq	1376
3gkd-ddzn	1384
kvc5-kdj8	1391
wymh-dvmd	1394
xxjs-y9yk	1399
2ei9-vg68	1399
jhn3-4vdj	1401
v55h-aeac	1406
ddcy-y5zn	1409
5pbr-mxtd	1415
7hi3-kaps	1417
cvse-perd	1423
jvqn-dyef	1430
767e-4ijc	1436
35qr-3ykq	1436
43qn-d6r8	1439
uv67-wxba	1440
mdht-5s6e	1442
xnje-s6zf	1442
ncbg-6agr	1489
2rd2-9uwy	1508
8r6c-ydwk	1518
5i9t-mvdt	1530
g3vh-kbnw	1538
bzjf-rmtp	1550
ubv8-6n5w	1553
3w89-mz4u	1559
a35y-93e7	1565
kz72-dump	1573
c49b-3kmd	1574
8z5h-tzdr	1574
k72f-2ytm	1577
vv3n-5y3z	1583
9bmk-bbj5	1584
sefr-5pmx	1587
tybm-5xnx	1592
276h-y36a	1595
ect6-rj3p	1600
bjzv-ubve	1607
j2sr-pm3b	1609
qiwj-eg47	1614
69n5-r375	1617
uqgd-pt5w	1630
hjnm-89hx	1632
jign-uhe6	1637
2232-dj5q	1648
7su9-xgtn	1653
gfej-by6h	1655
exe6-f2vx	1659
x77w-bjx9	1659
pexc-kg7n	1661
72vt-ykjc	1662
6ggx-itps	1677
ynhu-u9id	1681
nnyy-27fp	1699
qqba-8akg	1702
y3gq-zv28	1708
y7z5-rhh5	1731
2pmt-skyq	1739
j8sx-ccsq	1755
d5g5-kttt	1781
wcmg-48ep	1789
cwqt-nvfg	1791
an6v-iuem	1791
9fxq-tpip	1793
eivx-q94q	1800
hb7y-b986	1800
36hn-wea6	1804
kjxa-7ccf	1809
ujsc-un6m	1818
fdx7-6jsr	1828
89di-hi4s	1830
ce3f-jkdg	1830
ayeb-p4mv	1836
urvc-2kdr	1838
78sn-deuh	1853
7isb-wh4c	1866
bd8j-m46a	1869
fxwm-3t4n	1877
p2q7-at72	1886
wzur-rhz9	1902
jqy3-ybjq	1947
4g4r-7dfb	1955
j2iz-mwzu	1968
unw7-yyit	1969
f7qh-bcr5	1979
sx92-yn4a	1985
whux-iuiu	2001
jat2-irw9	2003
7r6i-tdj2	2004
ghht-zbsp	2010
abgn-8q46	2024
ntcm-2w4k	2025
24nr-gahi	2028
73bd-vkmx	2036
cusf-jxh5	2040
jkyj-m87c	2040
kjcq-h8d9	2045
w3c6-35wg	2055
fydx-dgvr	2067
dp2s-vccd	2069
xkuq-9uzf	2072
9jbx-hna8	2115
56bx-u7iw	2132
p8e4-uwuv	2144
k3qa-jvkc	2151
tavr-zknk	2162
h4jy-7dv7	2166
x9i6-ckbm	2191
ms66-xjfq	2207
9d9t-bmk7	2213
2t32-hbca	2220
m48u-yjt8	2227
xagh-idmf	2243
jye8-w4d7	2246
kmtx-45c9	2250
xi7c-iiu2	2252
2v2r-tx9r	2261
e4ty-r26d	2291
a94k-kjys	2304
g9wv-7n2m	2316
bvna-6j7v	2340
6qaj-niew	2381
7ggc-ypzi	2394
esw6-z4id	2410
g4ux-eh4t	2423
g6f6-qpfi	2432
9rxf-re6u	2433
kdpk-qekk	2440
w4v6-3sdt	2462
54k3-2wtq	2479
qgga-62ej	2501
e9ah-8qv4	2514
e34y-fjmv	2518
4zkm-p9aw	2519
pqbh-p6xe	2521
53jv-eiur	2521
a5qt-5jpu	2530
6v9u-ndjg	2533
wv4q-e75v	2539
7zhs-43jt	2546
6xnp-6f4a	2569
8knn-wq9b	2578
k3e2-emsq	2588
pfys-fabf	2603
rp8m-vm93	2612
ka27-qx5k	2621
3qem-6v3v	2623
6r4h-c2y6	2635
pfn4-vjwr	2651
6rf2-gv9k	2657
ypbd-r4kg	2662
fqcv-e9sg	2677
uz9h-5uv2	2681
9gq4-idy9	2689
nr9n-yqxr	2702
jkiz-wt49	2705
mfmf-gtvc	2714
b2sp-asbg	2735
rn5p-vhac	2755
38ib-pjw5	2761
yjsf-89ae	2767
3nja-bsch	2777
6ucq-fahe	2797
2uk5-v8da	2808
2gjq-v9z9	2824
pcgw-s47c	2835
bkui-39n8	2845
xjur-zbxw	2848
a2pm-dj2w	2849
ntbr-wib6	2854
weaz-wxw9	2859
rb2h-bgai	2865
hv77-qnda	2874
j7wr-gf2w	2887
nkn9-ge6x	2907
qcru-xhuq	2910
v9z6-t6nq	2912
dt2z-amuf	2912
mu2n-2qpd	2936
c5sh-m8tb	2942
2mqz-v5im	2947
9add-idv3	2948
uh2w-zjsn	2951
qtrj-g3nm	2965
6khm-nrue	2985
hdnu-nbrh	2999
sgvu-nui7	3000
5r8r-e7i6	3032
hjvj-jfc9	3044
a6kg-wufg	3045
dtmw-avzj	3082
ubdi-jgw2	3104
56u5-n9sa	3110
p26e-k6k9	3135
72db-huua	3173
9mjx-v8ip	3175
xprg-trsi	3185
mvab-8uw7	3189
ke49-x9wf	3192
33db-aeds	3226
d72n-ivax	3235
myn9-hwsy	3254
97pn-acdf	3264
qbvv-9nzz	3270
9eun-chvy	3286
qcwe-qqie	3311
cyfw-hfqk	3315
cs9m-cz6f	3324
ngbi-cq85	3337
99gz-6gpw	3341
yibg-6r2q	3350
aa5u-mys6	3351
ufu7-zp25	3369
sf92-v8wr	3370
ctq9-j8y9	3375
j7yn-nvq9	3394
xsd9-52hv	3395
sg6c-6sse	3399
2bh6-qmgg	3402
5hb6-gnie	3408
pyif-r8qe	3414
nvm3-w2i6	3430
7fnf-kyf4	3431
8ruf-3bq8	3447
uinz-vc7n	3459
hcv4-fhfs	3469
afsf-hz68	3472
thrx-b6bc	3497
xpy2-cyxg	3515
6smc-7mk6	3524
mw3t-6kth	3556
cah7-vgge	3562
97iw-vtbx	3582
kwxj-h5ji	3584
pe54-wf39	3589
9sfa-4geq	3618
k9g3-nkxz	3635
x4ud-jhxu	3730
98b7-th5j	3768
garv-x8q8	3789
7hgn-sgmk	3803
fuvx-wqd7	3811
7iqp-pbne	3820
37it-gmcp	3836
ysc4-6xvu	3873
948r-3ads	3875
nbun-a9vi	3922
vyxt-abab	3960
rk35-5hwy	3986
qc36-ccxk	3994
rbvx-jqnh	3997
gt5i-dmde	4000
f34v-uffx	4013
krwf-eng6	4026
9c56-46pu	4031
j46e-fnm6	4046
fzh2-sxib	4076
5r5y-pvs3	4078
kku6-nxdu	4206
6bic-qvek	4206
nnf6-km2a	4225
qfs9-xn8t	4249
e555-uc5w	4260
b37b-brfu	4266
n5xc-7jfa	4324
gakf-suji	4344
mnkj-myjb	4359
4s7y-vm5x	4390
6zvj-sek6	4391
tkdy-59zg	4392
8u85-k342	4407
fqrp-y4d2	4456
wjvv-6yxq	4458
g52i-ijbe	4476
pd5h-92mc	4540
e7rh-dmb4	4544
yg5a-hytu	4545
9byw-znpj	4561
udtw-swpa	4563
3nw7-5vkw	4571
af3x-y3y3	4572
ytjm-yias	4580
kh3d-xhq7	4599
ca93-s2tg	4608
edai-t99u	4635
uf8p-ervp	4638
8i43-kna8	4655
xx2p-4jnq	4658
28rh-vpvr	4726
suzc-ps6g	4757
j7tw-gms7	4778
7ewi-9cdf	4784
2rr4-rfvc	4815
swpk-hqdp	4834
qjvp-rnsx	4876
4tqt-y424	4893
5e8d-k9md	4911
mbym-vp3s	4925
fu34-wamz	4944
vibf-3qrq	4972
pbc8-mmb4	4986
ewmy-2fww	5001
nja7-3m37	5068
abnr-s7g4	5074
wstu-wcnw	5090
x2s6-6d2j	5092
d4cb-8mwj	5099
a6nj-cfbz	5121
am74-3pnv	5130
d6ee-k2sh	5162
esmb-8zkm	5181
jvce-szsb	5235
m64p-r9hk	5245
vz7h-p6wa	5263
r4dz-wduq	5269
rnsn-acs2	5294
dcpj-gxjy	5297
95ii-vcsx	5305
vhah-kvpj	5318
hpzm-w4pt	5332
xeg4-ic28	5334
3kcn-nsb5	5348
n8b9-ghux	5442
yhdx-itry	5444
825b-niea	5446
mr4m-hqav	5450
f7b6-v6v3	5523
itfs-ms3e	5545
e2ey-aicw	5545
pqmq-sk82	5545
5c95-uqu5	5571
2zbg-i8fx	5579
s67x-p7nk	5585
qmc5-z72r	5635
hqb2-y6mu	5665
8fcu-mcx2	5732
q9rw-qihz	5736
mi8r-ff2q	5740
5e9h-x6ak	5758
xy5n-i6mb	5782
qjx7-9mep	5797
7ceq-6nwu	5810
aagv-t6fa	5819
8dhd-zvi6	5826
di8r-g5w9	5843
pjwn-nnx8	5876
u6gg-xejf	5878
k3ks-jzek	5881
erts-eyf6	5897
5nz7-hh6t	5904
35sw-rdxj	5931
pwts-g83w	5937
dsyc-npkh	5979
ru7q-zr7g	5983
ng9f-agux	5990
2vv4-3iny	6004
8h5p-ccrz	6014
qusa-igsv	6040
ia9u-k3t3	6060
33c5-b922	6080
uxsz-6j5j	6112
p5w7-g72z	6175
xphq-immx	6189
rps4-dwwk	6193
hkqp-x7p9	6283
frre-6z6q	6301
h9ws-rfd9	6309
vve2-26rs	6316
ne9z-skhf	6332
brga-xeqy	6348
pkhy-wwga	6418
7k2e-ht2j	6421
y86q-g4pf	6437
bgb4-7zjj	6439
sa5w-dn2t	6441
4jus-39vu	6536
j4wk-mndk	6537
nawr-fbpn	6543
cirn-n726	6546
kpjg-ubxi	6567
yg8h-c8c7	6576
69wu-b929	6650
9btm-sxj3	6657
veav-vj3r	6660
huq7-iui5	6676
q7r2-64fm	6699
ma5g-2458	6713
qbjq-atxv	6764
fijd-wye8	6795
4kse-vfnd	6804
h6af-x63h	6806
zmut-au2w	6844
fb26-34vu	6860
kuk6-452p	6867
ej3f-9dad	6890
gepv-dxc2	6903
7yds-6i8e	6918
eku7-63g8	6919
a2nf-cvfm	6965
jjvq-4t2v	6981
jafx-rvrb	7004
7jkp-5w5g	7009
ru7m-mpyz	7012
56u9-ryj4	7026
2bef-phhy	7105
6rg9-pfbz	7164
26kp-bgdh	7226
qvir-knu3	7282
42et-jh9v	7293
8pnf-vysd	7316
adax-9mit	7321
n2s5-fumm	7322
q5x3-7piv	7373
r75y-8qe7	7393
kewa-q4dq	7443
tsak-vtv3	7448
ydbx-4ufw	7480
4y9q-t4wb	7483
k65y-fzgq	7511
fxgv-ba35	7566
uaj7-9szf	7595
8vwk-6iz2	7651
nwrb-z58j	7661
by8q-dp62	7675
qa4d-xc73	7700
kfrx-hgf8	7705
6wee-b7wf	7753
xy48-7s3d	7783
wtqm-fd2z	7799
k5ws-xbkn	7868
4cga-5i5v	7880
f264-qcv3	7925
pc34-d3sx	7930
8qgy-ka3v	7960
h4jn-x3ty	7990
jphp-xt7k	8066
xahu-rkwn	8181
gshi-yqza	8212
rr6u-cdtn	8261
9ct9-prf9	8262
en2c-j6tw	8339
9s68-zggy	8364
gmi7-62cd	8385
k5xr-vi4c	8417
wn79-er9p	8551
bawj-6bgn	8589
8gqz-6v9v	8610
knq4-3kz9	8661
qrb4-aqtx	8699
68rr-d3jr	8738
xcah-6evp	8750
ay9k-vznm	8812
43ab-v68i	8945
9wwd-tgzc	8969
2gcj-p28u	8969
ga3c-v25a	8998
h5j6-bv4u	9190
yv6j-r66f	9225
sjdi-a6us	9366
qd93-w582	9547
w6sr-ei44	9568
w9cy-nnma	9632
vdem-2i66	9999
k2ic-km9j	10075
7iqz-npua	10079
f9bf-2cp4	10094
jdn9-td9w	10147
xqx4-kdvp	10149
he5b-24yw	10167
tncb-agv4	10167
zt9s-n5aj	10214
8ius-dhrr	10280
emuv-tx7t	10306
p8i7-ix2s	10362
6xs6-cz7y	10405
yiet-hu2w	10428
ud4g-9x9z	10439
tyjc-nqc2	10487
k4xi-fxp5	10495
48ka-f6z6	10575
5hiy-kwc2	10593
hnf2-ds4u	10607
3spy-rjpw	10638
qs5h-jhhg	10653
m6ad-jy3s	10720
mrxb-9w9v	10787
uf53-ree9	10790
xkkx-md5q	10806
hc8x-tcnd	10820
vpdq-ktpr	10827
sqb7-p8nz	10837
8ws3-956v	10867
v6g5-uh5z	10911
vsgi-eeb5	10929
jb7j-dtam	10970
pdk7-puui	10999
k84j-firu	11055
t446-jbtd	11065
qe6k-pu9t	11099
83z6-smyr	11108
xk6g-r83g	11140
jzdn-258f	11215
qnuk-aubm	11339
hukm-snmq	11442
bjmk-35w5	11499
km68-5z64	11802
vn2t-jh2b	11858
yqkf-i7a4	12100
h5de-ndty	12143
cfzn-4iza	12177
kt29-ab5k	12186
npnk-wrj8	12266
grbs-nm2g	12358
p5v2-fwzn	12375
hcf7-jp2y	12410
phkb-tkts	12477
tnry-kwh5	12500
3qfc-4tta	12508
zpd4-gad8	12526
ny8v-zzzb	12581
rhtj-vttz	12762
tm5c-buy3	12846
dtfq-bfpc	12866
ft5g-idx8	13004
rcz9-btkn	13072
ud6j-d73w	13311
sxx4-xhzg	13321
8wi4-bsy4	13360
2dzy-e7cu	13534
h3zm-ta5h	13708
y43c-5n92	13881
rskq-5bfv	13890
2etw-ycbc	13905
6j6t-3ixh	13917
9vaq-mvvx	13987
7h99-xsqt	14070
exsg-kpya	14081
g63j-swsd	14108
hjae-yuav	14133
785g-7qf7	14146
kewp-r7r7	14191
vfk9-3uwk	14232
i6as-kc83	14356
j8p3-8ufc	14402
ut9y-2ptp	14424
9hyh-zkx9	14433
5ucz-vwe8	14447
i8ua-bnkj	14494
5c5x-3qz9	14519
u4ef-3s9d	14519
3ups-txji	14528
7xq6-k6zy	14544
w5y2-8cs3	14575
7vy4-ats6	14674
e27m-uhjk	14699
mhpm-4ekb	14781
uetw-jfrg	14846
q9mx-gjyn	14917
ur7y-ziyb	15005
nwjy-fdec	15041
hmw8-8is3	15124
x4sg-2jca	15156
m2z7-dx25	15261
k233-bk49	15322
thqd-deec	15365
qb86-fg8z	15374
kjgh-ywbx	15416
dv8j-yjt9	15540
7yay-m4ae	15601
t5w8-y8xf	15777
32y8-s55c	15794
ddpx-u5dz	15899
gzdv-qiga	16089
reri-chf8	16180
y52e-hp89	16183
ecvp-uumu	16380
xefy-6ent	16438
pd6g-yghw	16511
6kks-jijx	16521
xzy8-qqgf	16586
kybr-br4u	16745
66yh-nemi	16748
gbgg-xjuf	16779
avir-tzek	16878
uedp-fegm	16878
piri-jns7	16952
vimb-anc6	16953
4qii-5cz9	17180
3aka-ggej	17243
e4ej-j6hn	17302
vwxi-2r5k	17457
99br-frp6	17707
f9a8-4jby	17741
gj2m-sgjc	17838
shc3-rmhi	17885
nmue-7zq2	18090
ccgt-mp8e	18515
cr93-x2xf	18692
b37a-3faw	18975
iwdd-99mu	19464
wbtw-zkex	19483
qk7d-gecv	19639
7uuj-b95m	19705
i3ez-z58g	19794
p39r-nm7f	19818
x2hp-8ukt	19844
kjey-zuvr	19845
tph5-57et	19847
3c9q-94ad	19996
9nyh-gsuu	20126
q7ra-ebu4	20219
s9xf-ztqu	20281
fb6n-h22r	20365
dpec-ucu7	20403
2jne-kr3f	20427
qpm9-j523	20471
93d2-wh7s	20483
39qw-754y	20539
5gxs-yzxw	20661
c3uy-2p5r	21053
wspa-cuqk	21087
v475-8jcj	21096
9z9b-6hvk	21325
it9k-rtx5	21348
5qbe-4vqd	21476
6246-94tp	21854
axb2-9jkb	21880
uep6-mri2	21910
szn6-bbuk	22192
njqj-g8fv	22227
qrz6-23fw	22236
rcd4-qkns	22313
52b4-grs5	22360
gix2-d8at	22443
ek6b-5n74	22443
9f25-223x	22507
tiwv-ukz3	22649
mrxp-4hmg	22660
5kqf-fg3n	22760
5ghg-dyn6	22982
dw8c-pxy2	23202
rtws-c2ai	23250
799n-b76v	23358
dazy-4wwv	23436
p5yk-zjsc	23464
5ytq-4m2r	23464
fuzi-xuv4	23472
er9e-qz8i	23472
9umc-3b2y	23662
xp25-gxux	23697
mq6n-s45c	23788
mrnf-ezdm	23913
6sqr-c995	23948
nntm-ht5m	24044
kquf-ewd9	24118
dbs9-fgqs	24136
xjcm-e5uy	24160
dzrn-z4d7	24178
d9fi-geci	24484
eg59-gdqu	24615
7xjx-2mhj	24641
ypm7-drwf	24652
chb2-ipkr	24719
cm6g-t7ye	25096
rwa3-b3wr	25182
i8qp-5mwu	25294
eyk3-bhe9	25308
gpny-cuvw	25407
8bug-hj9w	25564
8ufi-zgz6	25669
vacq-ce69	25670
fjb8-yxzv	25717
dfwh-7sqg	25742
d4iy-9uh7	25795
i3a3-qxkf	25856
ws4c-4g69	25860
nhak-36my	26018
e649-r223	26221
k26i-s5bd	26277
ytju-73hj	26567
ecej-79ys	26610
tre2-h8i2	26644
cera-vfws	26860
d33y-i2m7	26968
4ynn-w9fk	26985
fsmu-8tsy	27131
ykvb-493p	27177
s5q4-7ezf	27232
7kc8-z939	27465
urc8-8bjy	27475
hafw-ruje	27528
4hiy-398i	27565
ftpm-ey3k	27659
sfvr-tcdy	27719
x3kb-2vbv	27736
uchs-jqh4	27748
ihup-vdhf	27756
ajgi-hpq9	27764
5fsg-d8c9	27799
crbs-vur7	27812
curu-ytnp	27934
q6p2-9srw	27970
4kpn-sezh	28084
m59i-mqex	28252
268n-a7em	28341
esep-hmvs	28478
gsjx-zx9n	28502
xfkn-vsp9	28543
ajxm-kzmj	28795
d4mz-3bq9	28858
erra-pzy8	28914
thjb-fm53	28942
qem4-8xtj	28944
63u4-2zc2	28949
82rt-zc4y	29008
h3qk-ybvt	29077
ucdy-byxd	29129
6v4b-5gp4	29338
22rr-ujq3	29388
32cj-z7va	29509
5fn2-n363	29535
gez6-674h	29804
e6t3-7z92	29899
9sji-jws4	29942
4tnw-tspg	29981
4snd-in5m	30047
bmhe-urrg	30079
9cvd-uyw6	30117
n9yn-6q3f	30292
752y-qk8b	30297
edx9-hxi8	30327
scfi-iv96	30352
9h95-gife	30375
zkky-n5j3	30390
bbg6-wf44	30394
27h8-t3wt	30459
hpku-qnwm	30657
j34j-vqvt	31034
54rr-tdmz	31087
s3zn-tf7c	31204
vxms-daea	31236
eg75-mh9k	31425
tfrc-rjtr	31533
crns-fw6u	31578
8wau-idzf	31752
97zg-4p9t	31775
gaq9-z3hz	31912
87b8-3t9t	32042
4y63-yw9e	32102
wycc-5aqt	32189
72ss-25qh	32291
5sq4-wrrm	32479
nk7g-qeep	32598
hdpu-mku8	33510
8ecp-kw89	33510
vxxs-iyt2	33554
ewg2-2vyd	33669
2x8v-d8nh	33699
eccv-9dzr	33736
gsak-mt7t	33772
hti8-xb6u	33780
5ziv-wcy4	33863
kf2b-aeh5	34073
xw3c-8982	34323
d28w-n2x4	34503
y3hw-z6bm	34578
9ddu-fvnv	34795
hebw-6hze	34834
d68p-5js9	34945
5fsv-ze7v	35214
29bv-qqsy	35500
p9cr-nt9j	35501
evjd-dqpz	36133
85ty-ti6v	36261
w6yt-hctp	36394
43qc-8vv8	36642
kg6x-kv5b	36662
r5p4-2qap	36749
kjpz-79mu	36783
gyaz-82xj	36996
t9nw-j73k	37132
bm9v-cvch	37584
5a8g-vpdd	37594
8iee-pzu6	37687
e2gu-mjqa	37828
8p6c-94pc	38062
bzxi-2tsw	38064
n4tc-j6kh	38196
34zf-iv73	38328
mefg-rpis	38369
45nu-yrf2	38538
p6bh-gqsg	38625
ad38-uy5g	38628
g9ub-hrve	38734
dhs7-q59e	38797
chv4-k4fa	38839
mz5e-yub2	39007
ewhs-k7um	39060
xijd-ubiu	39787
xiyj-m4sj	39787
y3ea-en4q	39977
cqc8-am9x	40046
pgun-i6u7	40099
wssh-seqa	40420
jvwx-xnsr	40437
xaa3-fatk	40599
weg5-33pj	40705
8gr8-ngjc	40720
fzv4-jan3	40791
s27g-2w3u	40843
fuhs-xmg2	40888
wmn9-zjsc	40952
7pi4-r8u2	41391
5kru-rjmf	41421
jcih-dj9q	41651
yhfh-vyns	41935
n6uv-kunx	42186
nk42-j6hc	42235
k8hv-56d7	42989
7yig-nj52	43035
c5up-ki6j	43146
hq68-rnsi	43231
aa5e-digs	43305
5brf-q9de	43837
fm6n-5jvy	44364
mtt6-ywt4	44669
t5qg-w9sq	45296
9a87-6m4x	45335
nbdj-ya9f	45407
yeba-ynb5	45740
64pu-zyr2	45754
bvug-v3mm	45772
vgmz-py3h	46005
rmv8-86p4	46711
yig9-9zum	47570
5x8i-3c5b	48558
nzjr-3966	49305
6e44-8i2s	49339
jhjm-vsp8	49652
q5za-zqz7	49816
wye7-nyek	49893
5mw2-hzqx	50488
rukc-mmqu	50903
imfa-v5pv	50927
wks3-66bn	51052
cznr-hmrv	51055
fxdy-q85h	51647
pchn-eaxn	51699
rsnd-bbih	51832
mq9d-au8i	51849
b225-hg9m	51879
4tdt-h5f6	52223
diks-hcwd	52287
jzt2-2f7h	52293
w9if-3pyn	52325
ae5u-upr6	52710
q9xk-w9iv	52864
77u7-ptbn	53115
vrs9-g7kz	53129
au8p-qz8c	53148
fq9e-fd84	53525
eamj-ryxu	53756
8jfz-tjny	54206
w9ei-idxz	54750
2vha-97jm	54990
4ynw-b9aj	55066
va74-3m6c	55138
6ctv-n46c	55344
wmi7-dkwa	55397
f3cg-u8bv	56324
7scx-rfrp	56372
5qza-frfc	56507
6gre-fvg9	56594
him9-7gri	56871
8a4n-zmpj	57013
3pge-73vq	57121
vfdq-dvkf	57261
uvks-tn5n	57299
i5ef-jxv3	57331
yahh-6yjc	57594
v2hd-uwxx	57977
t6a9-nby7	58075
de8q-estm	58210
us4j-b5zt	58482
hxm3-23vy	58487
2s75-2b3b	59142
9ay9-xkek	59263
hq56-zhrp	59307
hpid-63r5	59681
xqea-6ihi	59807
g4zf-s85y	60530
qbce-2kcu	60599
smdw-73pj	60601
8ek7-jxw6	60809
j39j-zq32	60863
uk6z-hem9	61335
gahm-hu5h	61402
ukdt-xm28	61426
7btz-mnc8	61462
by6m-6zpb	61974
c3ya-2ywy	62006
da9u-wz3r	62012
phqd-xav8	62078
mp8v-wjtf	62367
3miu-myq2	62422
ffnc-f3aa	62513
urzf-q2g5	62620
25cx-4jug	62679
87y3-sqsx	62742
herb-qubg	62874
u7tg-8kia	63024
rdxc-q253	63051
yayv-apxh	63066
dj4e-3xrn	63129
4n2j-ut8i	63268
bwhw-9jek	63386
3wxk-qa8q	63472
4axi-di9c	63562
i9pf-sj7c	63603
5hcy-6f3q	63762
k2da-5ijm	63762
kvhd-5fmu	63768
9yid-w4y8	63857
pnbs-aynd	64257
ffzt-rdkr	64413
upwt-zvh3	65140
jtus-srrj	65390
k46n-sa2m	65479
qm5f-frjb	65586
b9e9-2we4	65651
cgz5-877h	65681
5cd6-v74i	65835
a6zp-tcs3	65858
cwjy-rrh3	65963
vrn4-2abs	66152
h2mm-eazk	66490
yrf7-4wry	66699
htkc-b6ea	67140
ge8j-uqbf	67610
xr5s-zsn6	67715
vza7-n6vi	68159
yz7z-iupz	68675
tsps-ttpz	68999
dxnu-p2qd	69200
tmr6-dfvn	69783
nurr-mhyi	69912
5g59-fxev	70430
bss9-579f	71157
qmcw-ur37	71267
kiwq-bb5k	72007
6je4-4x7e	72074
ub9e-s7ai	72251
tbvj-mbps	72503
5e7x-8jy6	72600
cvh6-nmyi	72834
6ypq-ih9a	72920
cuzb-dmcd	73359
udss-6pus	73601
crc3-tcnm	73784
xne4-4v8f	74455
mjux-q9d4	74455
8eux-rfe8	74588
rq2f-42ua	75133
weh8-3ujf	75562
rfu7-paqe	75722
grnn-mvqe	76888
fi8f-t673	76966
5psr-sp96	77231
siju-6isf	77312
49kg-8sce	77714
twu4-tp2g	78015
4wgu-f3yf	78093
ducj-28wv	78348
mmvm-mvi3	78391
su44-8gcn	78473
budf-qanm	79299
5tdj-xqd5	79796
qphc-zrtc	79818
n2rw-tynt	79913
ii2w-6fne	80009
ad4c-mphb	80433
arzb-yfdv	81731
pzt3-tne9	82052
3kav-a6u5	82103
c4vk-jvzy	82600
44t3-dj6x	83465
ven4-h25u	83936
nhms-9u6g	83995
rvih-nhyn	84399
qj2z-ibhs	87526
46m8-77gv	88284
25th-nujf	88713
75e9-fg2t	89011
mifw-tguq	89326
ge3f-inui	89995
ph7v-u5f3	90044
ykx2-pdw8	90119
cwg5-cqkm	90120
ikqj-pyhc	90971
5u4m-9udf	91639
cbfr-z7aj	92101
y6fv-k6p7	92587
deqx-mzd7	93095
vbcn-wn88	93095
uisg-ivwv	93553
9n2i-9h9s	93744
xrwg-eczf	93764
hu6m-9cfi	94327
jpe4-9hh5	95292
bk4j-3hk5	95519
5ebm-myj7	96557
nbgq-j9jt	97939
r4s5-tb2g	98549
sqmu-2ixd	99331
n5xa-24cw	99485
f4yq-wry5	99562
cwx7-agsh	99988
ht4t-wzcm	100024
n6c5-95xh	101373
xqmg-7z3j	102257
9ibi-dfnm	102536
rsgh-akpg	102886
narn-kyx4	103185
fju2-rdad	103711
tvfr-dhen	103786
e544-259w	103873
nenq-ccpd	103994
jkk2-3xzd	104421
deah-gjrv	104421
47g8-ngxw	104979
2ic6-4hrf	105716
t7p9-n9dy	105737
8gg9-r4mt	105956
ckue-grzy	106379
4edb-7rb7	106794
pknx-dgka	106969
vvj6-d5qx	107005
xx4a-msrm	108321
bquu-z2ht	108835
mqdy-gu73	108846
9cz6-8qpz	111689
6fi9-q3ta	111805
9n9z-hh9p	111823
tukx-dsca	112465
7479-ugqb	113239
5jat-czce	114297
fp78-wt5b	114820
irhv-jqz7	115217
956m-xy24	116276
3wfy-sn5g	116987
u35m-9t32	117544
tyfh-9h2y	121204
446w-773i	121369
cz36-mpdq	121797
sjpy-4cc9	122405
62mr-ukqs	123288
pgrs-2cjd	124072
f42p-xqaa	124143
55yj-h64d	124654
k548-32d3	125272
hcir-3275	126684
wwhr-5ven	126786
2t2c-qih9	129768
u4g8-wkku	130160
nfkx-wd79	130268
mbd7-jfnc	133250
qfk7-6ens	134454
gzvm-na49	134755
myrx-addi	135852
9b9u-8989	136196
e64w-ctmw	137300
hyht-buiu	139426
kwvk-z7i9	139685
n84m-kx4j	139849
vqix-8bak	140391
qy7q-cb9e	140896
caav-grv8	141067
x5tk-fa54	142355
a3nt-yts4	143738
usap-qc7e	144395
29km-avyc	145931
5694-9szk	148432
wng2-85mv	148645
sp7n-275u	152389
qcdj-rwhu	155702
kiyv-ks3f	157135
icps-nwdu	157713
aizm-q3sx	159228
n7gv-k5yt	160884
dvzp-h4k9	162702
ezaf-3uhs	162759
vzcf-ypyz	163336
hm4n-kxfu	164986
vck7-ujai	165675
emnd-d8ba	166024
6gzn-qtm3	166277
i8ys-e4pm	167086
s4kf-3yrf	168060
ahjc-fdu3	169762
ac4n-c5re	171330
72mk-a8z7	173276
r67x-e97r	173393
4k4u-823g	176210
fxs2-faah	177375
i4ni-6qin	177459
p6h4-mpyy	177879
2xir-kwzz	178871
bhwu-wuzu	179054
eddp-3v5g	181692
8k4x-9mp5	183211
96ay-ea4r	183918
8586-3zfm	185008
q39e-7gbs	186265
iuvu-z276	188999
hg8x-zxpr	193393
xck4-5xd5	195239
fgq8-am2v	195983
6wcu-cfa3	196491
yhuu-4pt3	196955
k5us-nav4	197135
puec-8mer	197718
izav-3bhy	199249
wg9x-4ke6	204366
kivi-tmb3	205103
qd9w-yz23	205167
mpk5-48av	206832
4nft-bihw	210909
vf4p-p8ui	212205
nre2-6m2s	214003
f5zq-eacn	214872
guiy-frxt	215895
rear-wh5i	217209
9ck8-hj3u	218400
6y5g-5hkj	218668
922w-z7da	221100
478a-yykk	221254
tb8q-a3ar	222410
mdcw-n682	222808
szkz-syh6	226107
8b9a-pywy	233521
cma4-zi8m	239176
w5ea-ydu3	240581
tbgj-tdd6	241609
pqg4-dm6b	243166
fuzb-9jre	245281
e4p3-6ecr	245500
63us-eqtq	247629
d3ge-anaz	248186
scjj-6yaf	251248
2xh6-psuq	254079
nekg-b6tw	255420
ebb7-mvp5	255980
vuae-w6cg	259330
upii-frjc	260469
3btx-p4av	266903
p424-amsu	269610
xkzb-irtw	269858
niy5-4j7q	270759
dg7a-jiz2	270900
hyur-qpyf	270925
gkd7-3vk7	274872
r8mb-budb	276007
urz7-pzb3	278033
pgtq-ht5f	279608
ys48-9d3c	281683
ruce-cnp6	283330
39g5-gbp3	284558
4fnu-iufz	286984
7jzh-b7rq	290151
gk83-aa6y	293086
8yac-vygm	293178
yjub-udmw	294743
pdpg-nn8i	300433
tvpp-9vvx	303376
6kcb-9g8d	307595
sybh-s59s	307951
vjbm-hsyr	308349
pasr-j7fb	310731
uqxv-h2se	319121
u553-m549	325866
i37z-2ty9	326843
avsi-2fp7	333754
8vbp-qzz2	335054
wa2y-rh4b	338466
did2-qzw3	344748
p2d7-vcsb	347024
dd6w-hnq9	349182
krx7-u82t	352859
6rrm-vxj9	361551
qybk-bjjc	363306
7crd-d9xh	365131
jxyc-rxiv	366966
pf3n-zn2m	373347
2v9c-2k7f	377267
2cmn-uidm	390536
n3p6-zve2	391438
fgqh-vfzz	396345
y4fw-iqfr	398047
jk6k-yab4	399304
29ry-u5bf	400733
eu48-ehkz	406886
2emc-na4n	407840
khqi-x3p3	411329
s3k6-pzi2	417356
yp6n-7jdy	428953
8fwe-y7ui	431045
buk3-3qpr	435336
vw9i-7mzq	435785
7hpk-8zed	439618
xfsg-qhaw	441676
ebkm-iyma	442171
ridc-7qqg	444015
cbrh-qrk4	448345
86a8-pqby	453702
wr4r-bue7	455800
uq7m-95z8	462001
ud2m-5tb4	463180
m56g-jpua	471680
8mzw-jfss	473618
35ey-ieq4	474931
rpeq-j89e	478311
u4hi-kt3x	482563
s52a-8aq6	489541
rn6p-xvjd	490721
8isn-pgv3	498849
6jad-5sav	500782
45j8-f6um	505729
ihfw-zy9j	506398
hcv3-zacv	515087
rqhp-hivt	517559
s7yh-frbm	527694
9k82-ys7w	530656
wvts-6tdf	541134
hg3c-2jsy	545566
8fj8-3sgg	554693
kdm9-vp7d	561643
kha6-7i9i	561672
6anw-twe4	567105
4mfq-ds6b	567191
2pmj-y4p4	570232
h426-x5gi	575790
un8d-rbed	581986
xmiz-qy72	585689
yu9n-iqyk	588101
9d6u-jzxb	588442
jufi-gzgp	604766
wa6b-r9jh	609903
5gde-fmj3	612745
j7in-ctnu	613812
833y-fsy8	613863
tvhc-4n5n	617106
68k5-hdzw	617278
6eti-k994	632397
25aa-q86c	633886
7yc5-fec2	633973
f33j-ecpr	637727
8gpu-s594	638278
vh2h-md7a	642254
bnea-fu3k	649698
64pa-8bza	659295
kmix-7hhj	661216
iz2q-9x8d	673022
wrhz-w8mn	684666
dvaj-b7yx	692568
3mrr-8h5c	710732
v575-87iz	714935
ck4n-5h6x	736295
9rz4-mjek	743272
v959-5k2w	752437
usep-8jbt	764584
p3r6-jdne	768980
xffd-vsgf	769563
9cw8-7heb	772631
wed3-5i35	803540
n5mv-nfpy	805899
hrsu-3w2q	810593
ugzk-a6x4	831584
7jpv-q9e2	831651
9vgx-wa3i	832527
fx4z-5xg2	834592
f3u3-q8ea	858964
mib5-bwqy	873363
ybcb-4665	881953
xtsw-fqvh	882959
rqjq-29wc	886561
7k5d-rk33	889286
sivq-4tyd	894053
q5hp-72f8	897835
xsmd-g5j6	898678
ivix-m77e	911239
rgfe-8y2z	912826
jzst-u7j8	925084
sibt-hnvk	926708
7u63-ib3x	952815
zs4w-c9cd	954223
p32s-yqxq	962719
cpcm-i88g	979101
x4ai-kstz	979110
m8nr-4ivu	982019
cp6j-7bjj	985443
vdbc-pyc9	994288
np9k-hd4i	997492
thxi-frp3	1002763
ertz-hr4r	1005509
i6b5-j7bu	1012925
kyvb-rbwd	1024939
mv4k-y93f	1043822
c72z-kzbi	1047638
ex6k-ym48	1062019
66be-66yr	1069185
pxfd-dpcz	1077382
yvxd-uipr	1083881
436j-ja87	1085855
y8bm-tzs3	1088821
phth-xf25	1094258
fbaw-uq4e	1096577
pra5-xxvj	1098082
7gvw-m7zn	1102125
gzfs-3h4m	1118504
fypi-ruxh	1145381
i99z-ad8n	1153513
5hjv-bjbv	1154856
2sps-j9st	1177445
8vv7-7wx3	1188616
gjm4-k24g	1189765
yuzm-c784	1212507
ynau-kwze	1239985
xx92-6788	1240778
e9xc-u3ds	1261382
gysc-yn4h	1262622
b9uf-7skp	1273650
k63t-h76x	1279064
d5zb-ragj	1280330
95aa-k2ka	1284670
nyis-y4yr	1333047
e98g-f8hy	1342283
gpwd-npar	1374250
s79c-jgrm	1376339
g8e6-y4ax	1378237
rzd6-qsmn	1386114
gezn-7mgk	1391420
ty7c-8rmq	1431364
nvgj-hbht	1436932
dy3p-ay2d	1494039
xubg-57si	1498046
2bmr-jdsv	1504354
hypw-js3b	1514971
8u86-bviy	1539251
qvdv-dru4	1574354
5u2d-n46s	1576389
6z8x-wfk4	1606927
tn5h-i3e8	1617511
tg3t-nh4h	1659190
3tfu-x2qk	1686691
bkwf-xfky	1707552
p3e6-t4zv	1708061
bi53-yph3	1734120
8vgb-zm6e	1787909
x3bb-kg5j	1828623
q2ni-ztsb	1830153
63nx-cpi9	1898659
kwmq-dbub	1956357
ncre-qhxs	2096104
easq-ubfe	2114118
5uei-swth	2147873
tqsy-2s6w	2176939
fpxc-zjtm	2219762
tg4x-b46p	2314723
aht6-vxai	2344014
8fei-z6rz	2354741
tap2-dwrw	2477422
vn4m-mk4t	2482445
ci93-uc8s	2490615
vg63-xw6u	2540125
jb3k-j3gp	2690946
qgc5-ecnb	2695708
5tub-eh45	2696059
xjfq-wh2d	2699484
kpav-sd4t	2705328
xyq2-jjkn	2740959
vr8p-8shw	2770775
kcrr-myj9	2830629
jk35-yh5p	2861752
9jgj-bmct	2882411
gcvr-n8qw	2910435
nat5-7dxa	2954554
w76s-c5u4	2971375
vrku-2kif	2993413
43yz-zfrw	3026336
ka3c-bcci	3114800
yg3y-7juh	3126366
4e2n-s75z	3146805
csps-2ne9	3159418
t9iz-i583	3166950
9cx5-kdi8	3189724
m3fi-rt3k	3220558
b9km-gdpy	3234819
wfw5-9psu	3239511
qu8g-sxqf	3254516
qbb6-g5em	3285832
9nyy-a6qt	3306139
i296-73x5	3404280
weuc-cs8c	3447221
vq35-j9qm	3452225
w9ak-ipjd	3484422
gi42-6x8d	3485937
uip8-fykc	3512184
pdiy-9ae5	3518784
expp-gbrz	3528788
y9gu-cxxw	3576050
4twk-9yq2	3675644
mwus-92t3	3738823
e25p-jzfy	3789732
46g3-savk	3806553
myei-c3fa	3808374
9ny4-8k6g	3815005
wavz-fkw8	3893621
genf-2k76	3944177
rbx6-tga4	4083605
n2mv-q2ia	4146311
s6dm-mdan	4166051
dsg6-ifza	4261563
8wbx-tsch	4270284
t8hj-ruu2	4434258
nb39-jx2v	4740242
s9d3-x4fz	4778774
k3cd-yu9d	4809250
64gx-bycn	4853271
bbs3-q5us	4889782
nu7n-tubp	4917647
2jvr-j6ne	5121336
bs8b-p36w	5166057
6teu-xtgp	5293509
it56-eyq4	5385728
4fvw-nn9c	5392802
5uug-f49n	5508607
kfgh-h6re	5522733
xwxx-rnki	5581851
wpqj-3buw	5720764
tesw-yqqr	5764313
pffu-gbfi	5828370
f4rp-2kvy	5843149
3y5p-x48f	5920573
94ri-3ium	5988170
52dp-yji6	6191447
itd7-gx3g	6487386
m27t-ht3h	6493698
qkpp-pbi8	6496410
87fx-28ei	6554838
fmf3-knd8	6607200
kj4p-ruqc	6692323
ji82-xba5	6755645
fdkv-4t4z	6784213
vx8i-nprf	6849743
n8p9-7jxp	6859106
sbnd-xujn	7136157
735p-zed8	7916378
madj-gkhr	8272925
5mma-5n3h	8700801
kybe-9iex	8757007
kw9y-h36n	9063658
4d7f-74pe	9196341
2j8u-wtju	9919324
pq5i-thsu	9998437
avhb-5jhc	10023742
xmmq-y7za	10153944
mwzb-yiwb	10536358
jzhd-m6uv	10555179
5fn4-dr26	10846642
qmh3-uvgq	11080409
867j-5pgi	11294985
59kj-x8nc	11467713
gcys-vvnq	11565425
ssq6-fkht	11582575
muvi-b6kx	12202085
ez4e-fazm	12259097
8s5k-n45n	12363769
ju3b-rwpy	12968718
ibip-ftv5	13115041
cj3v-xdpd	13519459
w7w3-xahh	13677043
feu5-w2e2	13885614
jr24-e7cr	14122747
w2pb-icbu	15125653
5uac-w243	15769109
kyad-zm4j	16532518
as69-ew8f	16996938
emrz-5p35	17080730
ptev-4hud	17116057
ye3c-m4ga	18696584
b4mf-rg6h	20874354
a9md-ynri	20925349
fudw-fgrp	21409483
dm9a-ab7w	22077851
a8wp-rerh	22836093
xzj8-i3jk	22983830
29bw-z7pj	25381332
bjuu-44hx	30201245
pjgc-h7uv	31438502
mdbu-nrqn	32278695
dpm2-m9mq	33647909
jgtb-hmpg	33704233
y7az-s7wc	33988869
43nn-pn8j	35448744
uwyv-629c	40489221
2xab-argn	42528967
cspg-yi7g	45770884
dg92-zbpx	48021683
uvpi-gqnh	50291275
eabe-havv	54044688
2k3g-r445	54653097
ghpb-fpea	56922581
q5mz-t52e	59134663
h9gi-nx95	63334537
a2nx-4u46	63443794
pvqr-7yc4	78921544
k397-673e	79277522
gsgx-6efw	79386309
8y4t-faws	84520702
bkfu-528j	84543278
8sdw-8vja	85268304
scjx-j6np	87166512
ub9z-gccp	91813148
4pt5-3vv4	96217796
sqcr-6mww	99653861
tm6d-hbzd	101020766
mu46-p9is	101677867
r4c5-ndkx	113025107
bdjm-n7q4	117495847
9fnm-j6if	128702527
3h2n-5cm9	132237423
p937-wjvj	137340092
sv2w-rv3k	137828154
w7fs-fd9i	152826662
8h9b-rp9u	154011436
sxmw-f24h	160129089
hy4q-igkk	160652011
3rfa-3xsf	164045701
aiww-p3af	170646331
uzcy-9puk	171687433
8m42-w767	192447433
5gj9-2kzx	196647556
6bgk-3dad	211686513
kevu-8hby	223687607
ic3t-wcy2	251557018
bty7-2jhb	265113921
kwte-dppd	285415659
rhe8-mgbb	342387619
76xm-jjuj	361118348
wvxf-dwi5	375404710
qgea-i56i	386583224
jt7v-77mi	387621805
m8p6-tp4b	396705338
faiq-9dfq	399189580
kiv2-tbus	403133527
yjxr-fw8i	412969037
ipu4-2q9a	413838966
paab-n3s5	423168465
a5td-mswe	455912109
k7b3-4y4m	499413784
pvkv-25ck	516275352
hvrh-b6nb	537764412
ydkf-mpxb	542969176
c284-tqph	643652640
tqtj-sjs8	648538977
2bnn-yakx	660554488
vwpc-kje2	699036419
quxm-hmyr	720705768
2np7-5jsg	757479508
td5q-ry6d	770034658
yini-w76t	793311971
2upf-qytp	816183936
c4dx-tk4d	868083321
gi8d-wdg5	928666519
jz4z-kudi	1029511535
pbk5-6r7z	1107248130
xjtr-h2x2	1170087439
nc67-uf89	1321028056
avz8-mqzz	1662463266
t29m-gskq	1699869951
biws-g3hs	1902423216
erm2-nwe9	2271861522
am94-epxh	3207091802
