,
PAS,
,
SRF,
,
COM,
,
,
,
MOT,
,
HSM,
,
LMA,
LMB,
LMC,
,
,
,
BOB,
ORG ,
ORC,
RGL,
RGC,
 SPO,
CSP,
,
,
,
HIR,
CHC,
THC,
OML,
OMT,
OMF,
 OMR,
OMV,
TRC,
SCL,
OMS,
OMT,
OMT,
OMT,
TOW,
VPL,
,
,
,
ORG,
ARG,
SRF,
AYG,
ORG,
ORG,
CMH,
PAS,
SRF,
FPW,
GSM,
JWV,
MCL,
ORG,
NLM,
,
,
,
SRF,
SRF,
COM,
SRF,
HAM,
HAC,
SRF,
SRF,
SRF,
SRF,
SRF,
SRF,
SRF,
SOS,
VAS,
SRF,
COM ,
,
,
,
SRF,
ORG,
ORC,
SRF,
ORG,
ORC,
SRF,
ORG,
ORC,
EDU,
SRF,
MED,
SRN,
SRF,
SRF,
SRF,
SRF,
SRF,
SRF,
SRF,
SRF,
SRF,
SRN,
SRF,
SRF,
,
,
,
SRN,
AGR,
ATV,
,
ATD,
DLR,
MCD,
FAR,
,
HIS,
LUA,
LOC,
,
BOT,
,
SNO ,
,
SRF,
SPC,
,
HOU ,
LTR,
TRL,
SEM,
WUG,
,
,
,
,
SRN,
SRN,
CME,
CBS,
CCK,
SRN,
CLG,
JCA,
JCL,
SRN,
SRN,
SRN,
SRN,
ORG,
 ORC,
SRN,
SRN,
SRN,
NYC,
NYA,
NYS,
SRF,
COM,
SUP,
JSC,
SRN,
SRF,
USC,
USS,